time,tp,fn,tn,fp,accuracy,precision,recall,f1
0.470320463180542,86,128,134,0,0.632183908045977,1.0,0.40186915887850466,0.5733333333333334
3.6550850868225098,89,125,134,0,0.6408045977011494,1.0,0.4158878504672897,0.5874587458745875
3.726536273956299,87,127,128,6,0.617816091954023,0.9354838709677419,0.40654205607476634,0.5667752442996743
3.88040828704834,91,123,128,6,0.6293103448275862,0.9381443298969072,0.4252336448598131,0.5852090032154341
4.864272832870483,94,120,128,6,0.6379310344827587,0.94,0.4392523364485981,0.5987261146496815
5.212877035140991,94,120,128,6,0.6379310344827587,0.94,0.4392523364485981,0.5987261146496815
5.782819986343384,96,118,128,6,0.6436781609195402,0.9411764705882353,0.4485981308411215,0.6075949367088608
6.175443887710571,96,118,127,7,0.6408045977011494,0.9320388349514563,0.4485981308411215,0.6056782334384858
7.060309886932373,96,118,127,7,0.6408045977011494,0.9320388349514563,0.4485981308411215,0.6056782334384858
