time,tp,fn,tn,fp,accuracy,precision,recall,f1
1.9291107654571533,149,89,96,0,0.7335329341317365,1.0,0.6260504201680672,0.7700258397932817
5.663129806518555,153,85,96,0,0.7455089820359282,1.0,0.6428571428571429,0.782608695652174
5.827611923217773,153,85,96,0,0.7455089820359282,1.0,0.6428571428571429,0.782608695652174
5.945206165313721,155,83,96,0,0.7514970059880239,1.0,0.6512605042016807,0.7888040712468194
6.128481388092041,157,81,93,3,0.7485029940119761,0.98125,0.6596638655462185,0.7889447236180904
6.437248706817627,162,76,93,3,0.7634730538922155,0.9818181818181818,0.680672268907563,0.8039702233250621
82.23803400993347,165,73,93,3,0.7724550898203593,0.9821428571428571,0.6932773109243697,0.812807881773399
82.26461625099182,166,72,93,3,0.7754491017964071,0.9822485207100592,0.6974789915966386,0.8157248157248157
