time,tp,fn,tn,fp,accuracy,precision,recall,f1
0.5038297176361084,149,89,96,0,0.7335329341317365,1.0,0.6260504201680672,0.7700258397932817
1.793170690536499,150,88,96,0,0.7365269461077845,1.0,0.6302521008403361,0.7731958762886598
1.938450813293457,153,85,96,0,0.7455089820359282,1.0,0.6428571428571429,0.782608695652174
2.4828033447265625,160,78,96,0,0.7664670658682635,1.0,0.6722689075630253,0.8040201005025126
156.85872054100037,161,77,96,0,0.7694610778443114,1.0,0.6764705882352942,0.8070175438596491
205.62549448013306,162,76,96,0,0.7724550898203593,1.0,0.680672268907563,0.81
