time,tp,fn,tn,fp,accuracy,precision,recall,f1
0.9467389583587646,53,121,81,0,0.5254901960784314,1.0,0.3045977011494253,0.4669603524229075
2.110517978668213,56,118,81,0,0.5372549019607843,1.0,0.3218390804597701,0.48695652173913045
2.135754108428955,56,118,79,2,0.5294117647058824,0.9655172413793104,0.3218390804597701,0.4827586206896552
2.1448190212249756,57,117,77,4,0.5254901960784314,0.9344262295081968,0.3275862068965517,0.4851063829787234
3.907648801803589,65,109,76,5,0.5529411764705883,0.9285714285714286,0.3735632183908046,0.5327868852459017
3.9281537532806396,67,107,73,8,0.5490196078431373,0.8933333333333333,0.3850574712643678,0.5381526104417671
4.288398742675781,69,105,72,9,0.5529411764705883,0.8846153846153846,0.39655172413793105,0.5476190476190477
4.311327695846558,79,95,64,17,0.5607843137254902,0.8229166666666666,0.4540229885057471,0.5851851851851851
