time,tp,fn,tn,fp,accuracy,precision,recall,f1
2.330416440963745,56,167,223,0,0.625560538116592,1.0,0.25112107623318386,0.4014336917562724
77.23654317855835,57,166,223,0,0.6278026905829597,1.0,0.2556053811659193,0.40714285714285714
77.2427704334259,60,163,223,0,0.6345291479820628,1.0,0.26905829596412556,0.42402826855123676
77.27481627464294,61,162,223,0,0.6367713004484304,1.0,0.273542600896861,0.4295774647887324
77.29051375389099,62,161,223,0,0.6390134529147982,1.0,0.27802690582959644,0.43508771929824563
77.77560710906982,64,159,223,0,0.6434977578475336,1.0,0.28699551569506726,0.445993031358885
77.79269933700562,65,158,223,0,0.6457399103139013,1.0,0.2914798206278027,0.4513888888888889
95.01635503768921,67,156,223,0,0.6502242152466368,1.0,0.3004484304932735,0.46206896551724136
