time,tp,fn,tn,fp,accuracy,precision,recall,f1
2.330416440963745,78,167,245,0,0.6591836734693878,1.0,0.3183673469387755,0.48297213622291024
77.23654317855835,81,164,245,0,0.6653061224489796,1.0,0.3306122448979592,0.49693251533742333
77.2427704334259,81,164,245,0,0.6653061224489796,1.0,0.3306122448979592,0.49693251533742333
77.27481627464294,98,147,244,1,0.6979591836734694,0.98989898989899,0.4,0.5697674418604651
77.29051375389099,98,147,244,1,0.6979591836734694,0.98989898989899,0.4,0.5697674418604651
77.77560710906982,98,147,241,4,0.6918367346938775,0.9607843137254902,0.4,0.5648414985590778
77.79269933700562,98,147,241,4,0.6918367346938775,0.9607843137254902,0.4,0.5648414985590778
95.01635503768921,99,146,241,4,0.6938775510204082,0.9611650485436893,0.40408163265306124,0.5689655172413793
